{
  "GTcs_x":[
  445,
  429,
  429,
  408,
  408,
  392,
  392,
  376,
  376,
  344,
  344,
  334,
  334,
  318,
  318,
  303,
  303,
  281,
  281,
  292,
  292,
  327,
  327,
  363,
  363,
  388,
  388,
  429,
  429,
  448,
  448,
  433,
  433,
  403,
  403,
  382,
  382,
  360,
  360,
  343,
  343,
  325,
  325,
  313,
  313,
  301,
  301,
  300,
  300,
  316,
  316,
  341,
  341,
  369,
  369,
  343,
  343,
  301,
  301,
  246,
  246,
  171,
  171,
  121,
  121,
  95,
  95,
  66,
  66,
  44,
  44,
  46,
  46,
  56,
  56,
  56,
  56,
  126,
  126,
  156,
  156,
  182,
  182,
  212,
  212,
  236,
  236,
  258,
  258,
  297,
  297,
  326,
  326,
  357,
  357,
  383,
  383,
  416,
  416,
  416
  ],
  "GTcs_y":[
  134,
  157,
  157,
  161,
  161,
  162,
  162,
  165,
  165,
  169,
  169,
  167,
  167,
  161,
  161,
  151,
  151,
  153,
  153,
  158,
  158,
  153,
  153,
  148,
  148,
  147,
  147,
  147,
  147,
  147,
  147,
  168,
  168,
  166,
  166,
  168,
  168,
  170,
  170,
  169,
  169,
  172,
  172,
  176,
  176,
  175,
  175,
  174,
  174,
  171,
  171,
  166,
  166,
  160,
  160,
  166,
  166,
  171,
  171,
  163,
  163,
  152,
  152,
  148,
  148,
  146,
  146,
  142,
  142,
  137,
  137,
  106,
  106,
  110,
  110,
  110,
  110,
  116,
  116,
  117,
  117,
  115,
  115,
  113,
  113,
  114,
  114,
  116,
  116,
  116,
  116,
  126,
  126,
  126,
  126,
  126,
  126,
  128,
  128,
  128
  ],
  "dists":[
  59.063311754887756,
  49.88064219045729,
  49.88064219045729,
  50.77793874392521,
  50.77793874392521,
  50.77793874392521,
  50.77793874392521,
  51.684239528556276,
  51.684239528556276,
  52.55406232930328,
  52.55406232930328,
  52.59741284560926,
  52.59741284560926,
  53.524136270697134,
  53.524136270697134,
  52.62347282489837,
  52.62347282489837,
  52.59741284560926,
  52.59741284560926,
  53.524136270697134,
  53.524136270697134,
  52.49355033420825,
  52.49355033420825,
  53.569934433221675,
  53.569934433221675,
  53.569934433221675,
  53.569934433221675,
  53.569934433221675,
  53.569934433221675,
  64.26218496685486,
  64.26218496685486,
  64.32560785950007,
  64.32560785950007,
  65.7872213077959,
  65.7872213077959,
  64.30973631596733,
  64.30973631596733,
  67.24412244002933,
  67.24412244002933,
  65.71938261361541,
  65.71938261361541,
  65.71938261361541,
  65.71938261361541,
  67.15360458843914,
  67.15360458843914,
  67.24412244002933,
  67.24412244002933,
  67.29860766261572,
  67.29860766261572,
  65.63487297224343,
  65.63487297224343,
  65.71938261361541,
  65.71938261361541,
  64.30973631596733,
  64.30973631596733,
  65.63487297224343,
  65.63487297224343,
  64.26218496685486,
  64.26218496685486,
  64.26218496685486,
  64.26218496685486,
  61.58893022242284,
  61.58893022242284,
  59.07560925843906,
  59.07560925843906,
  57.79042376148463,
  57.79042376148463,
  56.75937286328362,
  56.75937286328362,
  56.66144813618925,
  56.66144813618925,
  58.87979054318268,
  58.87979054318268,
  57.79042376148463,
  57.79042376148463,
  57.79042376148463,
  57.79042376148463,
  59.02647289658864,
  59.02647289658864,
  60.25382433609433,
  60.25382433609433,
  62.79415986502304,
  62.79415986502304,
  61.36713311681882,
  61.36713311681882,
  61.46387665765961,
  61.46387665765961,
  64.26218496685486,
  64.26218496685486,
  64.18317020690304,
  64.18317020690304,
  64.18317020690304,
  64.18317020690304,
  65.63487297224343,
  65.63487297224343,
  65.63487297224343,
  65.63487297224343,
  67.29860766261572,
  67.29860766261572,
  67.29860766261572
  ],
  "STcs_x":[
  445,
  429,
  429,
  407,
  407,
  391,
  391,
  376,
  376,
  344,
  344,
  333,
  333,
  318,
  318,
  302,
  302,
  280,
  280,
  291,
  291,
  326,
  326,
  363,
  363,
  388,
  388,
  429,
  429,
  448,
  448,
  435,
  435,
  403,
  403,
  382,
  382,
  359,
  359,
  343,
  343,
  325,
  325,
  312,
  312,
  301,
  301,
  299,
  299,
  315,
  315,
  340,
  340,
  368,
  368,
  342,
  342,
  301,
  301,
  245,
  245,
  170,
  170,
  121,
  121,
  95,
  95,
  66,
  66,
  43,
  43,
  46,
  46,
  56,
  56,
  56,
  56,
  126,
  126,
  155,
  155,
  182,
  182,
  211,
  211,
  235,
  235,
  257,
  257,
  297,
  297,
  326,
  326,
  357,
  357,
  382,
  382,
  415,
  415,
  415
  ],
  "STcs_y":[
  134,
  157,
  157,
  161,
  161,
  162,
  162,
  164,
  164,
  168,
  168,
  166,
  166,
  161,
  161,
  150,
  150,
  153,
  153,
  157,
  157,
  153,
  153,
  148,
  148,
  146,
  146,
  147,
  147,
  147,
  147,
  167,
  167,
  165,
  165,
  168,
  168,
  169,
  169,
  168,
  168,
  171,
  171,
  176,
  176,
  175,
  175,
  173,
  173,
  171,
  171,
  165,
  165,
  159,
  159,
  165,
  165,
  171,
  171,
  162,
  162,
  151,
  151,
  148,
  148,
  145,
  145,
  141,
  141,
  136,
  136,
  105,
  105,
  109,
  109,
  109,
  109,
  115,
  115,
  117,
  117,
  115,
  115,
  114,
  114,
  113,
  113,
  115,
  115,
  116,
  116,
  125,
  125,
  125,
  125,
  125,
  125,
  127,
  127,
  127
  ],
  "inter_ds":[
  43.011626335213137,
  5.0990195135927845,
  5.0990195135927845,
  7.0,
  7.0,
  9.0553851381374173,
  9.0553851381374173,
  61.073725938409879,
  61.073725938409879,
  12.041594578792296,
  12.041594578792296,
  57.078892771321343,
  57.078892771321343,
  8.9442719099991592,
  8.9442719099991592,
  5.0,
  5.0,
  7.6157731058639087,
  7.6157731058639087,
  10.198039027185569,
  10.198039027185569,
  18.248287590894659,
  18.248287590894659,
  18.110770276274835,
  18.110770276274835,
  9.0553851381374173,
  9.0553851381374173,
  14.142135623730951,
  14.142135623730951,
  8.0,
  8.0,
  18.027756377319946,
  18.027756377319946,
  14.0,
  14.0,
  33.0,
  33.0,
  12.041594578792296,
  12.041594578792296,
  36.055512754639892,
  36.055512754639892,
  38.0,
  38.0,
  5.0,
  5.0,
  6.0827625302982193,
  6.0827625302982193,
  41.012193308819754,
  41.012193308819754,
  12.165525060596439,
  12.165525060596439,
  6.4031242374328485,
  6.4031242374328485,
  40.049968789001575,
  40.049968789001575,
  16.124515496597098,
  16.124515496597098,
  18.027756377319946,
  18.027756377319946,
  21.095023109728988,
  21.095023109728988,
  24.083189157584592,
  24.083189157584592,
  17.0,
  17.0,
  10.04987562112089,
  10.04987562112089,
  7.0710678118654755,
  7.0710678118654755,
  9.2195444572928871,
  9.2195444572928871,
  7.0710678118654755,
  7.0710678118654755,
  8.5440037453175304,
  8.5440037453175304,
  8.5440037453175304,
  8.5440037453175304,
  8.0622577482985491,
  8.0622577482985491,
  17.029386365926403,
  17.029386365926403,
  16.278820596099706,
  16.278820596099706,
  17.11724276862369,
  17.11724276862369,
  18.027756377319946,
  18.027756377319946,
  7.0710678118654755,
  7.0710678118654755,
  16.031219541881399,
  16.031219541881399,
  13.601470508735444,
  13.601470508735444,
  16.0,
  16.0,
  11.045361017187261,
  11.045361017187261,
  7.2801098892805181,
  7.2801098892805181,
  7.2801098892805181
  ],